Top queries,Clicks,Impressions,CTR,Position
tool guru,24,1007,2.38%,8.09
toolguru,2,253,0.79%,4.58
base64 guru,0,47,0%,41.36
[guru tool],0,32,0%,73.19
tools guru,0,29,0%,14.76
guru base64,0,13,0%,29.08
guru tool,0,11,0%,55.91
thetool,0,11,0%,64.36
base 64 guru,0,8,0%,56.88
tip calculator toolfrom,0,7,0%,64.43
tool guru app,0,6,0%,11
file size conversion,0,6,0%,62.33
price per square meter,0,5,0%,95.2
base64 encoder,0,5,0%,106.6
top developer tools,0,4,0%,82.5
cost per square meter,0,4,0%,95.75
json formatter and validator,0,4,0%,110.5
random number generator,0,3,0%,40.33
price per square inch calculator,0,3,0%,86.33
cost per square inch,0,3,0%,91.33
guru tools,0,2,0%,61
bandwidth test for website,0,2,0%,63.5
calculate cost per square meter,0,2,0%,63.5
top tools for developers,0,2,0%,78.5
how does base64 work,0,2,0%,90
file size conversions,0,2,0%,91
json formatter & validator,0,2,0%,127
"""price per unit area"" ""suras""",0,1,0%,6
base64 encode guru,0,1,0%,6
cron job generator,0,1,0%,10
decision maker online,0,1,0%,10
the tool that,0,1,0%,10
guru base 64,0,1,0%,24
decode guru,0,1,0%,32
is base64.guru safe,0,1,0%,36
graphql query beautifier,0,1,0%,61
json formatter example,0,1,0%,63
cost per square inch calculator,0,1,0%,75
best developer productivity tools,0,1,0%,76
file size units,0,1,0%,76
sqft price calculator,0,1,0%,76
random numbers,0,1,0%,77
base64 encoding,0,1,0%,79
what is base64 encoding,0,1,0%,79
best dev tools,0,1,0%,80
base 64 encode decode,0,1,0%,81
encryption base64,0,1,0%,82
price per square metre calculator,0,1,0%,83
best developer tools,0,1,0%,84
modem test speed page,0,1,0%,87
price per square meter calculator,0,1,0%,89
toolorg.com,0,1,0%,92
encoded in base64,0,1,0%,94
acronym decoder generator,0,1,0%,95
base64 decode encode,0,1,0%,95
price per sqm calculator,0,1,0%,95
bas64 encoder,0,1,0%,96
base 64 encoding,0,1,0%,96
how to use base 64,0,1,0%,97
base64 coder,0,1,0%,98
base64 decoder encoder,0,1,0%,98
figure out price per square foot,0,1,0%,98
file size in kb,0,1,0%,98
base encode 64,0,1,0%,99
base64 encoded string,0,1,0%,99
decode encode base64,0,1,0%,100